Heur,Pourc
Heuristique 1,75.0
Heuristique 2,41.02564102564102
Heuristique 3,100.0
Heuristique 4,96.29629629629629
Heuristique 5,97.43589743589743
