Heur,Pourc

Heuristique 1,75.0

Heuristique 2,56.41025641025641

Heuristique 3,100.0

Heuristique 4,81.48148148148148

Heuristique 5,97.43589743589743

